id_metier,gabarit_id,lieu_id,code_sages,statut,remarques
MOB-000001,1,1,NDVS1,dispo_reemploi,
MOB-000002,24,17,7570E13,en_service,
MOB-000003,24,14,B210A54,dispo_reemploi,
MOB-000004,27,6,7544P61,dispo_reemploi,
MOB-000005,16,7,7550452,en_maintenance,
MOB-000006,18,13,7570251,en_maintenance,
MOB-000007,15,17,7554121,en_service,
MOB-000008,4,2,7580E10,en_maintenance,
MOB-000009,3,15,7554B07,en_maintenance,
MOB-000010,9,12,7550150,dispo_reemploi,
MOB-000011,24,2,7570251,au_rebut,
MOB-000012,24,13,7574B03,dispo_reemploi,
MOB-000013,17,15,7550101,en_service,
MOB-000014,4,7,7540501,en_maintenance,
MOB-000015,3,5,7560A51,en_maintenance,
MOB-000016,27,1,7554B01,en_maintenance,
MOB-000017,26,5,7550102,en_maintenance,
MOB-000018,24,8,7560150,au_rebut,
MOB-000019,6,17,7540E11,en_maintenance,
MOB-000020,19,9,7550251,dispo_reemploi,
MOB-000021,26,11,7580201,en_maintenance,
MOB-000022,21,14,7580E10,en_maintenance,
MOB-000023,5,3,7544B07,en_service,
MOB-000024,1,15,7584B08,dispo_reemploi,
MOB-000025,22,7,7560E11,en_maintenance,
MOB-000026,22,9,7574B04,au_rebut,
MOB-000027,17,4,7580351,en_maintenance,
MOB-000028,26,12,B214P12,au_rebut,
MOB-000029,13,6,7560A55,au_rebut,
MOB-000030,2,1,7550E10,en_maintenance,
MOB-000031,27,16,7580235,au_rebut,
MOB-000032,25,11,7580200,au_rebut,
MOB-000033,18,15,NDVS1,en_maintenance,
MOB-000034,20,2,7584R03,dispo_reemploi,
MOB-000035,25,12,757,en_service,
MOB-000036,21,1,7580235,au_rebut,
MOB-000037,11,15,B214P04,dispo_reemploi,
MOB-000038,3,6,7549E31,en_maintenance,
MOB-000039,8,4,7564P61,dispo_reemploi,
MOB-000040,20,10,7540E12,au_rebut,
MOB-000041,14,13,7584K05,en_service,
MOB-000042,7,13,B216A02,en_service,
MOB-000043,12,13,7560355,au_rebut,
MOB-000044,4,16,7574B07,en_service,
MOB-000045,25,16,7550203,au_rebut,
MOB-000046,20,3,7540601,au_rebut,
MOB-000047,19,10,B217S40,dispo_reemploi,
MOB-000048,15,3,7540202,au_rebut,
MOB-000049,6,5,7570385,en_service,
MOB-000050,24,16,755,en_service,
MOB-000051,23,1,7544B09,dispo_reemploi,
MOB-000052,23,11,7570103,en_service,
MOB-000053,22,14,7587E40,en_maintenance,
MOB-000054,1,2,7560202,en_maintenance,
MOB-000055,18,13,7580201,en_maintenance,
MOB-000056,21,9,7550135,en_service,
MOB-000057,19,13,7564R04,au_rebut,
MOB-000058,2,13,7574B07,en_maintenance,
MOB-000059,17,17,7554B03,en_service,
MOB-000060,19,7,7584B01,dispo_reemploi,
MOB-000061,11,6,7564B08,en_service,
MOB-000062,18,16,754,en_service,
MOB-000063,25,6,B214P09,dispo_reemploi,
MOB-000064,13,5,7574B07,dispo_reemploi,
MOB-000065,27,9,B214P01,en_service,
MOB-000066,24,14,B214P02,dispo_reemploi,
MOB-000067,26,2,7574B01,en_service,
MOB-000068,26,17,7560A54,au_rebut,
MOB-000069,1,1,7549E18,dispo_reemploi,
MOB-000070,25,8,7544R01,dispo_reemploi,
MOB-000071,8,11,7574B07,en_maintenance,
MOB-000072,24,9,7544B15,en_service,
MOB-000073,4,9,7544B09,au_rebut,
MOB-000074,2,9,7574B05,en_maintenance,
MOB-000075,27,16,7570355,en_service,
MOB-000076,3,5,7570352,dispo_reemploi,
MOB-000077,27,1,7554B02,en_maintenance,
MOB-000078,22,4,7549E35,en_service,
MOB-000079,3,10,754B2,en_maintenance,
MOB-000080,6,15,7550351,dispo_reemploi,
MOB-000081,23,9,7560A58,en_service,
MOB-000082,25,14,7574B05,au_rebut,
MOB-000083,19,5,7549E01,en_service,
MOB-000084,9,13,7580303,en_maintenance,
MOB-000085,15,13,7554R02,au_rebut,
MOB-000086,5,4,7549E26,en_maintenance,
MOB-000087,10,4,7560E10,en_maintenance,
MOB-000088,8,10,7554B05,en_maintenance,
MOB-000089,7,10,7580201,en_service,
MOB-000090,25,6,7549E03,au_rebut,
MOB-000091,17,16,7540102,au_rebut,
MOB-000092,25,7,7554K01,en_service,
MOB-000093,16,6,7550252,en_maintenance,
MOB-000094,3,12,7540602,en_maintenance,
MOB-000095,19,14,7574B06,au_rebut,
MOB-000096,2,6,7560E11,au_rebut,
MOB-000097,9,16,7580250,dispo_reemploi,
MOB-000098,19,8,7584K05,en_service,
MOB-000099,19,14,7540451,au_rebut,
MOB-000100,16,8,B214P04,en_service,
MOB-000101,20,3,7540C15,dispo_reemploi,
MOB-000102,8,9,7584R01,au_rebut,
MOB-000103,22,16,7550154,au_rebut,
MOB-000104,27,12,7560152,en_maintenance,
MOB-000105,25,12,7584R04,au_rebut,
MOB-000106,27,8,755,dispo_reemploi,
MOB-000107,21,6,7554121,en_service,
MOB-000108,21,3,B214P04,en_service,
MOB-000109,15,12,7549E32,dispo_reemploi,
MOB-000110,16,12,7549E24,en_service,
MOB-000111,17,9,7570251,dispo_reemploi,
MOB-000112,18,5,7584K05,dispo_reemploi,
MOB-000113,6,15,7540500,en_maintenance,
MOB-000114,21,14,7584K04,dispo_reemploi,
MOB-000115,14,15,7550E11,en_service,
MOB-000116,16,5,7570E12,en_maintenance,
MOB-000117,13,6,7580401,au_rebut,
MOB-000118,27,4,7544R01,dispo_reemploi,
MOB-000119,10,12,7570385,en_service,
MOB-000120,9,9,7584R01,en_maintenance,
MOB-000121,9,2,7544B05,dispo_reemploi,
MOB-000122,21,8,7544R01,en_service,
MOB-000123,22,1,7574B09,au_rebut,
MOB-000124,19,10,7574R05,au_rebut,
MOB-000125,3,9,754C180,en_maintenance,
MOB-000126,17,14,7560254,dispo_reemploi,
MOB-000127,22,16,7540102,au_rebut,
MOB-000128,3,13,7570303,dispo_reemploi,
MOB-000129,16,3,B210A51,en_maintenance,
MOB-000130,22,7,7570400,en_maintenance,
MOB-000131,4,7,7580351,au_rebut,
MOB-000132,23,6,7554B02,en_service,
MOB-000133,22,10,7540G10,au_rebut,
MOB-000134,9,15,7560100,en_service,
MOB-000135,1,17,B210A55,en_service,
MOB-000136,15,16,7570103,en_service,
MOB-000137,10,13,7580102,en_service,
MOB-000138,21,1,7580E12,dispo_reemploi,
MOB-000139,15,3,7549E01,au_rebut,
MOB-000140,5,15,7540451,dispo_reemploi,
MOB-000141,5,16,7560101,dispo_reemploi,
MOB-000142,1,8,7550452,dispo_reemploi,
MOB-000143,3,17,7584R03,en_maintenance,
MOB-000144,15,9,7580401,en_service,
MOB-000145,12,14,7564B07,dispo_reemploi,
MOB-000146,2,1,7560352,au_rebut,
MOB-000147,12,16,7560154,en_maintenance,
MOB-000148,24,5,B214P02,en_maintenance,
MOB-000149,23,17,7570354,dispo_reemploi,
MOB-000150,20,13,7550135,au_rebut,
MOB-000151,26,10,7564B04,dispo_reemploi,
MOB-000152,22,10,7574R05,dispo_reemploi,
MOB-000153,2,2,758,dispo_reemploi,
MOB-000154,22,5,7540E13,au_rebut,
MOB-000155,13,6,7550100,en_service,
MOB-000156,17,8,7580200,au_rebut,
MOB-000157,5,2,7584B07,en_service,
MOB-000158,26,7,7584K04,dispo_reemploi,
MOB-000159,1,7,7550202,en_maintenance,
MOB-000160,13,12,7550402,dispo_reemploi,
MOB-000161,11,10,7560284,en_maintenance,
MOB-000162,9,1,7584B05,dispo_reemploi,
MOB-000163,26,6,758B3,dispo_reemploi,
MOB-000164,20,6,7564R01,dispo_reemploi,
MOB-000165,1,8,7544B15,en_maintenance,
MOB-000166,8,4,7540102,en_service,
MOB-000167,5,5,B210A55,en_maintenance,
MOB-000168,23,5,B210A55,au_rebut,
MOB-000169,11,15,B210A55,dispo_reemploi,
MOB-000170,15,10,7584B07,en_maintenance,
MOB-000171,8,15,7580234,en_service,
MOB-000172,23,3,7554B09,dispo_reemploi,
MOB-000173,8,1,758,en_service,
MOB-000174,8,14,754C180,en_maintenance,
MOB-000175,24,10,7570E13,au_rebut,
MOB-000176,12,5,7584K02,en_maintenance,
MOB-000177,12,12,7560102,au_rebut,
MOB-000178,11,2,7560E14,en_maintenance,
MOB-000179,23,13,7560385,en_service,
MOB-000180,24,12,7550202,en_maintenance,
MOB-000181,20,1,B210A55,en_maintenance,
MOB-000182,11,6,7560A52,en_maintenance,
MOB-000183,5,3,7580351,au_rebut,
MOB-000184,9,15,7549E27,en_maintenance,
MOB-000185,11,9,B214P04,au_rebut,
MOB-000186,1,1,7544B05,au_rebut,
MOB-000187,7,12,7560A55,en_maintenance,
MOB-000188,25,15,B214P04,en_service,
MOB-000189,21,5,7549E25,dispo_reemploi,
MOB-000190,8,13,B217S40,dispo_reemploi,
MOB-000191,15,2,7564K01,en_service,
MOB-000192,17,1,7574R04,dispo_reemploi,
MOB-000193,26,8,7574B10,en_maintenance,
MOB-000194,12,14,7560G10,en_maintenance,
MOB-000195,13,12,7560E12,en_service,
MOB-000196,27,11,7544B07,en_service,
MOB-000197,11,14,B214P09,dispo_reemploi,
MOB-000198,7,13,7564R04,dispo_reemploi,
MOB-000199,27,6,7584R05,en_maintenance,
MOB-000200,15,5,7540651,dispo_reemploi,
MOB-000201,6,16,7550E10,au_rebut,
MOB-000202,15,17,NDVS1,dispo_reemploi,
MOB-000203,13,7,7540E13,en_service,
MOB-000204,23,13,7570305,dispo_reemploi,
MOB-000205,21,7,7564B01,dispo_reemploi,
MOB-000206,12,9,7550252,en_service,
MOB-000207,1,12,7560A51,dispo_reemploi,
MOB-000208,22,17,7550203,dispo_reemploi,
MOB-000209,14,17,7554B05,dispo_reemploi,
MOB-000210,16,17,7570355,au_rebut,
MOB-000211,1,4,7540651,au_rebut,
MOB-000212,19,15,7554B02,dispo_reemploi,
MOB-000213,3,10,B217S40,en_service,
MOB-000214,1,13,7570450,au_rebut,
MOB-000215,15,7,7574B05,au_rebut,
MOB-000216,21,12,7550251,en_service,
MOB-000217,5,7,7564P61,dispo_reemploi,
MOB-000218,21,17,B214P08,au_rebut,
MOB-000219,12,14,7540G10,en_maintenance,
MOB-000220,17,14,7560151,au_rebut,
MOB-000221,11,2,7570385,en_maintenance,
MOB-000222,5,2,7549E28,en_maintenance,
MOB-000223,27,5,7570202,en_service,
MOB-000224,20,4,7544B15,dispo_reemploi,
MOB-000225,22,14,7560105,en_maintenance,
MOB-000226,10,17,B214P05,en_service,
MOB-000227,15,8,7584R03,en_maintenance,
MOB-000228,10,11,758,en_service,
MOB-000229,1,3,7580E13,en_maintenance,
MOB-000230,15,13,7584R04,en_maintenance,
MOB-000231,7,11,B214P01,dispo_reemploi,
MOB-000232,25,15,7550104,en_maintenance,
MOB-000233,22,10,7567E40,en_maintenance,
MOB-000234,19,7,7574121,en_service,
MOB-000235,24,8,7540451,en_maintenance,
MOB-000236,14,8,7580G10,au_rebut,
MOB-000237,14,5,7550253,dispo_reemploi,
MOB-000238,19,16,7577E40,au_rebut,
MOB-000239,15,1,7549E19,en_maintenance,
MOB-000240,19,2,7550135,en_service,
MOB-000241,3,3,7540651,en_service,
MOB-000242,26,2,7584B05,en_service,
MOB-000243,6,11,7564R05,en_service,
MOB-000244,8,6,7550100,en_maintenance,
MOB-000245,21,7,754C180,en_maintenance,
MOB-000246,3,10,7544B05,en_service,
MOB-000247,22,10,7554B03,dispo_reemploi,
MOB-000248,25,2,7560155,dispo_reemploi,
MOB-000249,7,11,7560152,au_rebut,
MOB-000250,26,6,B21,en_maintenance,
MOB-000251,14,10,7550402,au_rebut,
MOB-000252,4,5,7540E11,en_service,
MOB-000253,1,16,7574B13,en_service,
MOB-000254,4,16,7584K03,en_service,
MOB-000255,24,14,7574R03,dispo_reemploi,
MOB-000256,3,16,7560351,en_service,
MOB-000257,16,6,7560251,en_service,
MOB-000258,24,15,7577E40,au_rebut,
MOB-000259,27,3,7574B07,dispo_reemploi,
MOB-000260,11,5,7580201,en_maintenance,
MOB-000261,15,16,B216A01,en_service,
MOB-000262,24,1,7570E10,en_maintenance,
MOB-000263,22,3,7560034,en_maintenance,
MOB-000264,13,5,7564P61,dispo_reemploi,
MOB-000265,23,9,B214P01,au_rebut,
MOB-000266,23,13,7560381,en_service,
MOB-000267,7,17,7584B08,dispo_reemploi,
MOB-000268,20,4,7570281,en_maintenance,
MOB-000269,13,11,7560202,au_rebut,
MOB-000270,15,9,7584R05,en_service,
MOB-000271,22,5,7549E34,en_service,
MOB-000272,15,17,7550G10,en_service,
MOB-000273,25,15,755B1,en_service,
MOB-000274,4,10,7564B03,en_service,
MOB-000275,7,3,7560A54,dispo_reemploi,
MOB-000276,3,8,7580402,au_rebut,
MOB-000277,16,15,7550104,en_service,
MOB-000278,14,11,7584R01,dispo_reemploi,
MOB-000279,22,2,7560105,au_rebut,
MOB-000280,9,16,7540201,dispo_reemploi,
MOB-000281,23,10,B210A54,dispo_reemploi,
MOB-000282,20,6,7570202,en_service,
MOB-000283,25,2,7580451,en_maintenance,
MOB-000284,1,1,7564B12,en_service,
MOB-000285,17,16,7560204,dispo_reemploi,
MOB-000286,3,17,758B3,dispo_reemploi,
MOB-000287,3,1,7570303,en_service,
MOB-000288,26,16,7564B06,au_rebut,
MOB-000289,13,16,754C180,dispo_reemploi,
MOB-000290,25,16,B214P03,au_rebut,
MOB-000291,11,8,B214P03,en_service,
MOB-000292,1,13,7560A51,dispo_reemploi,
MOB-000293,8,16,B214P12,en_maintenance,
MOB-000294,15,3,7587E40,au_rebut,
MOB-000295,18,15,7540201,en_service,
MOB-000296,17,4,7550E11,en_maintenance,
MOB-000297,18,17,7584K04,au_rebut,
MOB-000298,10,6,7554R01,en_maintenance,
MOB-000299,14,6,7584K04,en_maintenance,
MOB-000300,18,9,7574B09,en_service,
MOB-000301,4,14,7560253,au_rebut,
MOB-000302,10,3,7564B10,dispo_reemploi,
MOB-000303,6,13,7560152,au_rebut,
MOB-000304,7,5,7584K04,en_service,
MOB-000305,15,2,7540251,en_maintenance,
MOB-000306,26,15,7540152,dispo_reemploi,
MOB-000307,7,7,7550102,en_service,
MOB-000308,9,10,7560101,en_service,
MOB-000309,18,14,7577E40,en_maintenance,
MOB-000310,15,17,7584R04,en_service,
MOB-000311,25,17,7554121,en_service,
MOB-000312,11,5,7550154,au_rebut,
MOB-000313,16,11,7574B09,en_service,
MOB-000314,20,5,7550402,en_service,
MOB-000315,20,15,7570E11,au_rebut,
MOB-000316,7,9,7540550,en_maintenance,
MOB-000317,3,2,7584R04,en_service,
MOB-000318,20,8,7544B14,en_maintenance,
MOB-000319,7,14,754B240,en_maintenance,
MOB-000320,3,5,B216A01,en_service,
MOB-000321,8,11,755,au_rebut,
MOB-000322,3,6,7549E35,dispo_reemploi,
MOB-000323,22,9,7540551,en_service,
MOB-000324,2,12,7544B06,dispo_reemploi,
MOB-000325,6,5,7560103,au_rebut,
MOB-000326,27,8,7544B06,en_service,
MOB-000327,20,7,7580381,en_service,
MOB-000328,13,2,7560E15,en_service,
MOB-000329,9,8,7540152,dispo_reemploi,
MOB-000330,12,3,7540252,dispo_reemploi,
MOB-000331,14,12,7560E11,au_rebut,
MOB-000332,2,5,7540601,en_maintenance,
MOB-000333,2,5,7560153,en_maintenance,
MOB-000334,7,17,7550E13,en_service,
MOB-000335,3,1,7544B04,en_service,
MOB-000336,8,5,7570385,dispo_reemploi,
MOB-000337,27,14,7560135,en_service,
MOB-000338,27,10,7580200,en_service,
MOB-000339,8,1,B210T40,au_rebut,
MOB-000340,3,3,755F110,en_maintenance,
MOB-000341,23,8,756B1,au_rebut,
MOB-000342,20,9,7560E13,au_rebut,
MOB-000343,8,11,B214P08,dispo_reemploi,
MOB-000344,15,11,7540E11,dispo_reemploi,
MOB-000345,9,14,7580250,en_maintenance,
MOB-000346,1,2,7550481,dispo_reemploi,
MOB-000347,15,9,7564R01,en_service,
MOB-000348,2,17,7574R01,en_maintenance,
MOB-000349,18,10,7564K01,en_maintenance,
MOB-000350,18,9,7570202,dispo_reemploi,
MOB-000351,15,15,7540635,en_service,
MOB-000352,14,4,7570352,en_service,
MOB-000353,2,15,7549E03,au_rebut,
MOB-000354,25,16,B214A31,au_rebut,
MOB-000355,27,1,7540E11,en_service,
MOB-000356,6,14,7564R04,au_rebut,
MOB-000357,25,4,7574121,en_maintenance,
MOB-000358,1,7,7550302,dispo_reemploi,
MOB-000359,26,2,7540501,dispo_reemploi,
MOB-000360,2,12,7554B09,au_rebut,
MOB-000361,26,7,7564B06,en_service,
MOB-000362,21,5,7584R04,en_service,
MOB-000363,3,12,7560G10,dispo_reemploi,
MOB-000364,6,14,7570251,au_rebut,
MOB-000365,10,14,7549E23,en_service,
MOB-000366,12,16,7560A56,en_maintenance,
MOB-000367,14,10,7560202,au_rebut,
MOB-000368,17,12,7550252,dispo_reemploi,
MOB-000369,18,17,7540601,au_rebut,
MOB-000370,3,15,754B2,en_maintenance,
MOB-000371,23,1,7550203,en_service,
MOB-000372,4,2,7584B05,dispo_reemploi,
MOB-000373,1,8,7550202,en_maintenance,
MOB-000374,27,11,7564R04,dispo_reemploi,
MOB-000375,23,13,7570304,au_rebut,
MOB-000376,1,7,7549E35,dispo_reemploi,
MOB-000377,4,2,756B140,dispo_reemploi,
MOB-000378,16,2,7580250,dispo_reemploi,
MOB-000379,5,14,B210A53,en_service,
MOB-000380,12,17,7549E33,en_maintenance,
MOB-000381,24,2,7564B09,en_service,
MOB-000382,14,10,7544B11,en_service,
MOB-000383,7,3,7570400,dispo_reemploi,
MOB-000384,21,16,7574R01,en_service,
MOB-000385,15,16,754B240,en_maintenance,
MOB-000386,23,5,7574121,en_maintenance,
MOB-000387,19,10,7570E13,dispo_reemploi,
MOB-000388,8,16,7560E11,au_rebut,
MOB-000389,12,13,7570400,en_maintenance,
MOB-000390,4,10,7567E40,en_service,
MOB-000391,4,3,7560E10,dispo_reemploi,
MOB-000392,13,7,7570183,en_service,
MOB-000393,14,17,7580381,en_service,
MOB-000394,1,9,7564R03,au_rebut,
MOB-000395,18,2,7584B06,dispo_reemploi,
MOB-000396,11,6,7540251,en_maintenance,
MOB-000397,1,1,7570355,en_service,
MOB-000398,22,14,7570183,au_rebut,
MOB-000399,24,5,B214P02,au_rebut,
MOB-000400,21,12,7564B12,au_rebut,
MOB-000401,25,5,7567E40,au_rebut,
MOB-000402,25,16,7554K01,en_maintenance,
MOB-000403,7,10,7560152,en_maintenance,
MOB-000404,27,8,7549E26,au_rebut,
MOB-000405,17,9,7580201,en_maintenance,
MOB-000406,27,1,7580481,en_service,
MOB-000407,13,1,7560305,dispo_reemploi,
MOB-000408,9,11,7564B06,en_service,
MOB-000409,14,14,B216A01,dispo_reemploi,
MOB-000410,15,6,7564P61,en_maintenance,
MOB-000411,19,12,7549E18,dispo_reemploi,
MOB-000412,24,13,7577E40,en_maintenance,
MOB-000413,17,2,7560A58,dispo_reemploi,
MOB-000414,2,4,7580152,en_maintenance,
MOB-000415,18,14,B214P01,en_service,
MOB-000416,22,15,7580E10,au_rebut,
MOB-000417,1,8,B210A53,dispo_reemploi,
MOB-000418,21,14,7570304,dispo_reemploi,
MOB-000419,4,13,B216A03,en_maintenance,
MOB-000420,11,5,7560A55,dispo_reemploi,
MOB-000421,6,17,7574R02,dispo_reemploi,
MOB-000422,23,7,7564R01,en_service,
MOB-000423,25,2,B214P02,au_rebut,
MOB-000424,8,5,7550202,en_service,
MOB-000425,3,2,7540252,en_service,
MOB-000426,5,16,7544B11,en_maintenance,
MOB-000427,15,1,7540152,dispo_reemploi,
MOB-000428,24,1,7550252,dispo_reemploi,
MOB-000429,5,9,7560E10,au_rebut,
MOB-000430,19,9,7564B02,dispo_reemploi,
MOB-000431,11,4,7544B05,en_service,
MOB-000432,8,13,7560381,au_rebut,
MOB-000433,12,6,7550104,au_rebut,
MOB-000434,4,17,7560253,en_maintenance,
MOB-000435,10,16,7544B11,en_maintenance,
MOB-000436,9,11,7560351,au_rebut,
MOB-000437,10,6,7550100,au_rebut,
MOB-000438,7,17,7550E12,au_rebut,
MOB-000439,17,3,7574B12,dispo_reemploi,
MOB-000440,10,16,7567E40,en_service,
MOB-000441,17,8,B210T40,en_service,
MOB-000442,12,17,7570302,en_maintenance,
MOB-000443,20,17,7570251,en_maintenance,
MOB-000444,21,14,B214P07,au_rebut,
MOB-000445,21,17,7540E13,en_maintenance,
MOB-000446,16,6,B210C10,dispo_reemploi,
MOB-000447,2,4,7560154,dispo_reemploi,
MOB-000448,13,17,7549E34,en_maintenance,
MOB-000449,11,14,7560E15,dispo_reemploi,
MOB-000450,12,5,7580235,en_maintenance,
MOB-000451,7,10,7550E13,en_maintenance,
MOB-000452,10,13,7560A54,au_rebut,
MOB-000453,25,13,7560301,en_service,
MOB-000454,8,10,7564B06,en_service,
MOB-000455,24,12,7549E27,en_maintenance,
MOB-000456,2,17,7560135,en_service,
MOB-000457,14,5,7564B09,dispo_reemploi,
MOB-000458,17,15,7544B04,en_maintenance,
MOB-000459,13,13,7540C15,en_maintenance,
MOB-000460,26,17,7574121,en_service,
MOB-000461,4,1,7544121,en_maintenance,
MOB-000462,9,14,7580301,au_rebut,
MOB-000463,5,14,7560154,au_rebut,
MOB-000464,5,5,7549E33,dispo_reemploi,
MOB-000465,10,10,7564B02,en_maintenance,
MOB-000466,11,12,7544B15,dispo_reemploi,
MOB-000467,12,9,B214P09,dispo_reemploi,
MOB-000468,5,9,7584R01,dispo_reemploi,
MOB-000469,20,7,7570235,en_maintenance,
MOB-000470,14,13,7570153,en_maintenance,
MOB-000471,11,14,7584K01,en_maintenance,
MOB-000472,3,7,7544B15,au_rebut,
MOB-000473,4,15,7584B05,en_service,
MOB-000474,10,3,B210T40,en_maintenance,
MOB-000475,1,10,7549E02,dispo_reemploi,
MOB-000476,9,11,7580E11,au_rebut,
MOB-000477,10,9,7580351,au_rebut,
MOB-000478,6,14,7549E30,en_maintenance,
MOB-000479,11,14,B210A55,en_service,
MOB-000480,10,15,NDVS1,en_service,
MOB-000481,17,12,7584R04,en_maintenance,
MOB-000482,4,7,7550154,dispo_reemploi,
MOB-000483,16,9,7564B08,au_rebut,
MOB-000484,20,11,7550101,en_maintenance,
MOB-000485,13,7,B210A54,en_maintenance,
MOB-000486,12,7,7564121,en_service,
MOB-000487,9,8,B214P11,dispo_reemploi,
MOB-000488,3,12,7560A57,en_service,
MOB-000489,11,13,7580351,en_maintenance,
MOB-000490,15,9,7544B01,dispo_reemploi,
MOB-000491,1,10,758B3,au_rebut,
MOB-000492,3,11,7564B02,en_maintenance,
MOB-000493,27,8,7550201,au_rebut,
MOB-000494,10,11,B214P10,dispo_reemploi,
MOB-000495,2,4,7570450,au_rebut,
MOB-000496,26,15,7560G10,au_rebut,
MOB-000497,3,4,7550202,dispo_reemploi,
MOB-000498,17,5,7550252,dispo_reemploi,
MOB-000499,6,5,7549E26,en_maintenance,
MOB-000500,5,13,7550101,au_rebut,
MOB-000501,21,2,7560381,en_maintenance,
MOB-000502,7,14,756B1,en_service,
MOB-000503,27,12,B214P08,au_rebut,
MOB-000504,21,17,B210A54,en_maintenance,
MOB-000505,24,8,B210A52,dispo_reemploi,
MOB-000506,17,3,B216A03,au_rebut,
MOB-000507,1,15,7560105,au_rebut,
MOB-000508,1,10,7574B06,dispo_reemploi,
MOB-000509,8,12,754D112,en_maintenance,
MOB-000510,24,8,7560381,au_rebut,
MOB-000511,26,9,7550154,en_service,
MOB-000512,25,11,7560A52,dispo_reemploi,
MOB-000513,9,7,7580301,en_service,
MOB-000514,13,15,7574B09,en_maintenance,
MOB-000515,6,13,7544B14,en_service,
MOB-000516,18,3,7560253,au_rebut,
MOB-000517,9,5,7550102,dispo_reemploi,
MOB-000518,25,2,7564B02,dispo_reemploi,
MOB-000519,3,1,7540C15,dispo_reemploi,
MOB-000520,15,1,7570400,en_service,
MOB-000521,20,7,7570183,dispo_reemploi,
MOB-000522,20,8,7564B04,au_rebut,
MOB-000523,13,16,7550102,au_rebut,
MOB-000524,6,3,B210A55,dispo_reemploi,
MOB-000525,13,8,B210A51,en_service,
MOB-000526,24,6,754D112,dispo_reemploi,
MOB-000527,21,15,7560385,en_service,
MOB-000528,17,1,7584K03,en_maintenance,
MOB-000529,5,1,7540E13,au_rebut,
MOB-000530,20,14,7587E40,au_rebut,
MOB-000531,22,5,7560E11,en_maintenance,
MOB-000532,13,17,7550104,au_rebut,
MOB-000533,17,11,7540500,en_service,
MOB-000534,10,4,7584R05,dispo_reemploi,
MOB-000535,15,5,7550452,en_service,
MOB-000536,9,17,7549E01,en_service,
MOB-000537,24,16,7574R03,au_rebut,
MOB-000538,15,8,7584P61,dispo_reemploi,
MOB-000539,19,3,7540202,dispo_reemploi,
MOB-000540,22,14,7560135,au_rebut,
MOB-000541,8,6,7549E02,en_service,
MOB-000542,19,6,7540302,au_rebut,
MOB-000543,24,1,7554R01,en_service,
MOB-000544,5,3,7560201,en_maintenance,
MOB-000545,5,8,7550102,dispo_reemploi,
MOB-000546,10,5,7560104,en_service,
MOB-000547,10,14,7544B12,en_maintenance,
MOB-000548,2,2,7550E13,dispo_reemploi,
MOB-000549,16,4,7564121,dispo_reemploi,
MOB-000550,13,1,7560355,en_service,
MOB-000551,2,4,7570235,en_maintenance,
MOB-000552,1,14,7550151,en_maintenance,
MOB-000553,25,6,7550154,dispo_reemploi,
MOB-000554,9,4,7544B06,au_rebut,
MOB-000555,21,6,7540E11,dispo_reemploi,
MOB-000556,22,1,7570E14,en_service,
MOB-000557,25,5,7584B01,au_rebut,
MOB-000558,9,13,7549E33,en_service,
MOB-000559,16,9,7560104,dispo_reemploi,
MOB-000560,5,9,7554R01,en_maintenance,
MOB-000561,24,2,NDVS1,au_rebut,
MOB-000562,9,13,7560A55,dispo_reemploi,
MOB-000563,10,8,7560135,dispo_reemploi,
MOB-000564,21,1,754D112,en_maintenance,
MOB-000565,20,7,7540551,en_service,
MOB-000566,12,7,7560251,dispo_reemploi,
MOB-000567,24,12,7550253,au_rebut,
MOB-000568,13,4,7550452,en_service,
MOB-000569,27,2,7580280,en_maintenance,
MOB-000570,7,13,7547E40,en_maintenance,
MOB-000571,6,13,7544B15,au_rebut,
MOB-000572,9,7,7549E19,au_rebut,
MOB-000573,13,17,7570281,en_maintenance,
MOB-000574,7,16,7580102,dispo_reemploi,
MOB-000575,17,12,7560385,dispo_reemploi,
MOB-000576,10,8,7560A54,en_service,
MOB-000577,18,6,7540152,en_maintenance,
MOB-000578,24,12,7550252,dispo_reemploi,
MOB-000579,26,6,7544B12,au_rebut,
MOB-000580,4,4,7564B12,en_service,
MOB-000581,4,5,7544B04,en_maintenance,
MOB-000582,6,15,7564P61,au_rebut,
MOB-000583,24,2,7540651,au_rebut,
MOB-000584,13,9,754D112,en_service,
MOB-000585,19,4,7564R02,en_maintenance,
MOB-000586,19,15,B217S40,au_rebut,
MOB-000587,12,2,7550381,dispo_reemploi,
MOB-000588,14,9,7580301,en_maintenance,
MOB-000589,12,14,B214P09,en_service,
MOB-000590,5,5,7560G10,dispo_reemploi,
MOB-000591,5,15,7550150,dispo_reemploi,
MOB-000592,16,9,7584K01,en_service,
MOB-000593,12,1,7570153,dispo_reemploi,
MOB-000594,6,16,7584B06,au_rebut,
MOB-000595,26,14,7549E01,au_rebut,
MOB-000596,22,5,7549E32,en_maintenance,
MOB-000597,16,9,NDVS1,au_rebut,
MOB-000598,16,5,7554R01,en_service,
MOB-000599,8,4,B214P02,en_maintenance,
MOB-000600,13,10,7540551,dispo_reemploi,
MOB-000601,21,5,B214P09,dispo_reemploi,
MOB-000602,20,13,7560155,au_rebut,
MOB-000603,1,8,7554R02,dispo_reemploi,
MOB-000604,20,8,7560150,au_rebut,
MOB-000605,10,9,7550100,au_rebut,
MOB-000606,1,12,7584R04,en_service,
MOB-000607,3,4,7560102,en_service,
MOB-000608,24,5,B214P02,en_maintenance,
MOB-000609,9,16,7584B01,en_service,
MOB-000610,14,8,7549E28,au_rebut,
MOB-000611,7,2,7550201,dispo_reemploi,
MOB-000612,27,12,7540102,dispo_reemploi,
MOB-000613,11,16,756,au_rebut,
MOB-000614,7,8,7549E35,dispo_reemploi,
MOB-000615,16,9,754C180,au_rebut,
MOB-000616,15,16,7567E40,au_rebut,
MOB-000617,17,17,7560254,en_maintenance,
MOB-000618,8,14,7549E35,au_rebut,
MOB-000619,25,6,758,dispo_reemploi,
MOB-000620,1,4,7570354,dispo_reemploi,
MOB-000621,1,2,7550150,au_rebut,
MOB-000622,22,12,7540201,en_maintenance,
MOB-000623,16,7,7550153,en_service,
MOB-000624,14,1,7550E11,au_rebut,
MOB-000625,20,9,7549E32,en_service,
MOB-000626,22,11,7560A54,en_maintenance,
MOB-000627,7,3,7560A55,en_service,
MOB-000628,3,17,7580301,en_maintenance,
MOB-000629,22,14,755B1,en_maintenance,
MOB-000630,15,10,7580152,au_rebut,
MOB-000631,10,5,7550351,au_rebut,
MOB-000632,1,4,7544B12,dispo_reemploi,
MOB-000633,2,10,7570304,dispo_reemploi,
MOB-000634,1,6,B216A02,en_maintenance,
MOB-000635,18,16,7570G10,en_maintenance,
MOB-000636,2,15,7560A58,en_maintenance,
MOB-000637,26,10,7560A55,dispo_reemploi,
MOB-000638,13,16,7560154,en_service,
MOB-000639,7,4,7549E32,dispo_reemploi,
MOB-000640,8,13,7574R02,au_rebut,
MOB-000641,4,7,7540401,dispo_reemploi,
MOB-000642,11,9,7570E10,en_maintenance,
MOB-000643,16,6,7540500,au_rebut,
MOB-000644,12,1,7564B08,en_maintenance,
MOB-000645,4,3,755B1,au_rebut,
MOB-000646,27,17,7560E11,en_service,
MOB-000647,14,8,7570201,dispo_reemploi,
MOB-000648,16,3,B214P09,dispo_reemploi,
MOB-000649,21,5,7574B12,au_rebut,
MOB-000650,21,8,7560A54,en_service,
MOB-000651,2,17,7549E33,au_rebut,
MOB-000652,12,1,7580E13,en_service,
MOB-000653,26,15,754B2,au_rebut,
MOB-000654,12,4,7564B11,en_service,
MOB-000655,23,1,7564B10,en_service,
MOB-000656,19,17,7587E40,en_service,
MOB-000657,24,2,756,en_service,
MOB-000658,20,10,7580201,en_service,
MOB-000659,19,16,7580235,en_maintenance,
MOB-000660,9,13,B214P09,en_service,
MOB-000661,7,6,7580E13,en_maintenance,
MOB-000662,23,5,7550352,en_maintenance,
MOB-000663,8,12,7560251,en_service,
MOB-000664,2,7,756B140,en_maintenance,
MOB-000665,8,5,7550E12,en_service,
MOB-000666,13,11,7540251,dispo_reemploi,
MOB-000667,17,1,7580481,dispo_reemploi,
MOB-000668,3,16,7547E40,dispo_reemploi,
MOB-000669,6,13,7544B09,dispo_reemploi,
MOB-000670,15,6,7560G10,dispo_reemploi,
MOB-000671,5,2,NDVS1,dispo_reemploi,
MOB-000672,7,1,B214P10,en_maintenance,
MOB-000673,21,17,7550202,au_rebut,
MOB-000674,26,14,7584B02,dispo_reemploi,
MOB-000675,27,8,B210A52,en_maintenance,
MOB-000676,22,1,7560381,en_maintenance,
MOB-000677,9,15,7570400,au_rebut,
MOB-000678,14,12,7584K03,en_maintenance,
MOB-000679,24,15,7584R02,au_rebut,
MOB-000680,15,7,7550135,en_service,
MOB-000681,13,12,7550E10,en_service,
MOB-000682,21,4,7560E13,en_service,
MOB-000683,6,1,B214P02,en_maintenance,
MOB-000684,8,2,7540E12,au_rebut,
MOB-000685,3,7,755B1,en_service,
MOB-000686,7,9,7560E11,au_rebut,
MOB-000687,21,3,7570103,au_rebut,
MOB-000688,4,7,7544121,en_service,
MOB-000689,11,17,7550104,au_rebut,
MOB-000690,23,13,B214P09,en_service,
MOB-000691,21,16,7580E11,dispo_reemploi,
MOB-000692,24,12,7564R04,en_service,
MOB-000693,26,8,7560385,en_service,
MOB-000694,15,6,7587E40,au_rebut,
MOB-000695,22,1,7570E11,en_maintenance,
MOB-000696,23,4,7560101,en_service,
MOB-000697,2,13,7560E14,dispo_reemploi,
MOB-000698,18,3,B214P07,dispo_reemploi,
MOB-000699,7,12,7560101,au_rebut,
MOB-000700,6,16,757,au_rebut,
MOB-000701,13,7,7584P61,au_rebut,
MOB-000702,15,5,7570385,en_maintenance,
MOB-000703,23,11,7564B04,en_maintenance,
MOB-000704,18,14,7560A58,en_maintenance,
MOB-000705,25,5,7580351,en_service,
MOB-000706,21,12,7540550,en_maintenance,
MOB-000707,3,3,7567E40,en_service,
MOB-000708,22,9,7550201,dispo_reemploi,
MOB-000709,24,16,756,en_maintenance,
MOB-000710,1,9,7549E03,dispo_reemploi,
MOB-000711,7,12,7547E40,en_service,
MOB-000712,2,7,7564R01,en_maintenance,
MOB-000713,14,17,7560A52,en_maintenance,
MOB-000714,22,10,7564B09,en_maintenance,
MOB-000715,3,3,7574B03,en_service,
MOB-000716,6,7,7560A54,au_rebut,
MOB-000717,13,17,7540401,en_maintenance,
MOB-000718,16,2,7580280,au_rebut,
MOB-000719,9,14,7584B05,en_service,
MOB-000720,21,16,7549E24,au_rebut,
MOB-000721,2,1,7560153,en_service,
MOB-000722,7,12,7549E30,en_maintenance,
MOB-000723,26,17,7564B03,au_rebut,
MOB-000724,14,15,7544B09,au_rebut,
MOB-000725,19,1,B210A51,en_maintenance,
MOB-000726,5,5,7550153,en_service,
MOB-000727,21,9,7584B02,dispo_reemploi,
MOB-000728,27,10,7560302,au_rebut,
MOB-000729,10,9,7560E12,dispo_reemploi,
MOB-000730,19,11,7560152,en_service,
MOB-000731,4,14,7549E19,au_rebut,
MOB-000732,13,5,7570183,au_rebut,
MOB-000733,9,2,B216A02,dispo_reemploi,
MOB-000734,5,15,7574B08,en_maintenance,
MOB-000735,13,9,7560101,en_service,
MOB-000736,6,13,7550302,en_service,
MOB-000737,16,17,7554B03,au_rebut,
MOB-000738,21,7,7570303,en_maintenance,
MOB-000739,25,5,7540652,dispo_reemploi,
MOB-000740,7,8,7564R01,dispo_reemploi,
MOB-000741,3,14,7560E12,dispo_reemploi,
MOB-000742,13,12,756B140,au_rebut,
MOB-000743,22,3,7560104,en_maintenance,
MOB-000744,1,5,7544121,dispo_reemploi,
MOB-000745,22,8,B217S40,au_rebut,
MOB-000746,15,4,7580235,au_rebut,
MOB-000747,19,8,7560105,dispo_reemploi,
MOB-000748,9,6,7544K01,au_rebut,
MOB-000749,2,3,7564121,au_rebut,
MOB-000750,11,4,7580351,en_maintenance,
MOB-000751,7,5,7574121,en_maintenance,
MOB-000752,18,13,7550E12,en_service,
MOB-000753,1,14,7550154,au_rebut,
MOB-000754,25,10,7580351,dispo_reemploi,
MOB-000755,22,1,7540302,au_rebut,
MOB-000756,13,2,7574R05,au_rebut,
MOB-000757,13,12,B210T40,en_service,
MOB-000758,12,12,7570251,dispo_reemploi,
MOB-000759,3,3,7544B09,dispo_reemploi,
MOB-000760,8,13,755B1,au_rebut,
MOB-000761,24,17,7560284,en_service,
MOB-000762,14,6,7549E02,en_maintenance,
MOB-000763,7,3,7564K01,au_rebut,
MOB-000764,3,8,7560E11,au_rebut,
MOB-000765,27,9,7580152,au_rebut,
MOB-000766,6,6,7564K02,en_maintenance,
MOB-000767,24,7,756B1,dispo_reemploi,
MOB-000768,6,3,7564B02,au_rebut,
MOB-000769,22,10,7574R02,en_maintenance,
MOB-000770,5,7,7544B07,au_rebut,
MOB-000771,8,1,755B1,en_maintenance,
MOB-000772,26,14,7560A51,en_maintenance,
MOB-000773,23,11,7564B06,en_service,
MOB-000774,18,13,7574B01,au_rebut,
MOB-000775,8,13,7540252,en_service,
MOB-000776,23,10,7550E12,dispo_reemploi,
MOB-000777,18,16,7580E12,dispo_reemploi,
MOB-000778,12,1,7570355,en_maintenance,
MOB-000779,25,9,7577E40,au_rebut,
MOB-000780,14,2,7574121,dispo_reemploi,
MOB-000781,15,8,B214P08,dispo_reemploi,
MOB-000782,18,13,7584B06,en_maintenance,
MOB-000783,22,10,7560355,au_rebut,
MOB-000784,16,12,7549E35,au_rebut,
MOB-000785,19,8,7584121,au_rebut,
MOB-000786,7,10,7564K02,dispo_reemploi,
MOB-000787,3,16,7544P61,en_service,
MOB-000788,4,10,7570281,au_rebut,
MOB-000789,15,9,7560A53,en_service,
MOB-000790,4,3,7560251,au_rebut,
MOB-000791,7,17,7540252,au_rebut,
MOB-000792,4,4,7549E32,au_rebut,
MOB-000793,2,8,7560034,en_maintenance,
MOB-000794,6,6,7540251,dispo_reemploi,
MOB-000795,1,10,7554B01,en_service,
MOB-000796,26,11,7549E03,au_rebut,
MOB-000797,10,1,7570385,en_service,
MOB-000798,8,10,7560A58,dispo_reemploi,
MOB-000799,22,6,7580201,dispo_reemploi,
MOB-000800,22,16,7560E15,dispo_reemploi,
MOB-000801,19,17,7580201,en_maintenance,
MOB-000802,27,13,7584R05,dispo_reemploi,
MOB-000803,17,8,B210T40,dispo_reemploi,
MOB-000804,9,10,7549E32,en_maintenance,
MOB-000805,10,15,7549E02,en_service,
MOB-000806,5,13,7550E12,en_maintenance,
MOB-000807,13,10,7540202,au_rebut,
MOB-000808,14,17,754,en_maintenance,
MOB-000809,26,14,7549E33,en_maintenance,
MOB-000810,27,2,7540352,au_rebut,
MOB-000811,7,11,7550302,en_maintenance,
MOB-000812,15,17,7560203,dispo_reemploi,
MOB-000813,26,16,754B2,en_service,
MOB-000814,17,10,7567E40,dispo_reemploi,
MOB-000815,16,11,7570103,dispo_reemploi,
MOB-000816,23,6,7570E10,dispo_reemploi,
MOB-000817,11,5,7574R02,en_maintenance,
MOB-000818,10,8,7554B05,dispo_reemploi,
MOB-000819,26,13,7549E33,en_service,
MOB-000820,13,7,B214P10,au_rebut,
MOB-000821,2,3,7550104,en_maintenance,
MOB-000822,24,2,754C180,en_maintenance,
MOB-000823,22,13,7587E40,au_rebut,
MOB-000824,2,9,7549E03,au_rebut,
MOB-000825,8,4,7549E02,dispo_reemploi,
MOB-000826,17,3,7540201,en_service,
MOB-000827,23,4,7544P61,en_maintenance,
MOB-000828,1,9,7540451,en_maintenance,
MOB-000829,7,12,7550102,au_rebut,
MOB-000830,8,12,7544P61,en_service,
MOB-000831,25,11,7549E32,en_service,
MOB-000832,22,1,7570450,en_maintenance,
MOB-000833,19,13,B214P03,en_maintenance,
MOB-000834,1,15,7584R03,dispo_reemploi,
MOB-000835,5,1,7574B12,en_maintenance,
MOB-000836,8,6,7544B13,en_service,
MOB-000837,16,7,7574B10,au_rebut,
MOB-000838,4,13,7574B07,en_maintenance,
MOB-000839,18,5,7540E10,en_service,
MOB-000840,10,12,756B140,en_maintenance,
MOB-000841,16,16,7570E14,au_rebut,
MOB-000842,12,7,7580E11,en_service,
MOB-000843,7,1,7560202,dispo_reemploi,
MOB-000844,2,5,7560135,dispo_reemploi,
MOB-000845,21,7,7550253,dispo_reemploi,
MOB-000846,10,15,7550402,au_rebut,
MOB-000847,15,7,7540202,en_service,
MOB-000848,25,2,7560254,en_service,
MOB-000849,19,15,7570400,en_maintenance,
MOB-000850,24,12,7580402,en_service,
MOB-000851,11,13,7540E10,dispo_reemploi,
MOB-000852,22,14,7550253,au_rebut,
MOB-000853,19,13,7550E11,en_service,
MOB-000854,2,12,7574B06,en_service,
MOB-000855,19,11,7570153,en_maintenance,
MOB-000856,16,16,7580401,au_rebut,
MOB-000857,6,4,7540E11,au_rebut,
MOB-000858,11,12,7580G10,dispo_reemploi,
MOB-000859,9,4,B214P06,en_service,
MOB-000860,11,8,7570354,au_rebut,
MOB-000861,18,16,7549E26,en_service,
MOB-000862,8,3,7580235,en_maintenance,
MOB-000863,24,16,7540601,en_maintenance,
MOB-000864,25,15,7570E11,dispo_reemploi,
MOB-000865,17,4,7560105,dispo_reemploi,
MOB-000866,7,1,7540252,en_service,
MOB-000867,1,11,B214P04,au_rebut,
MOB-000868,7,7,7570E14,en_service,
MOB-000869,2,17,7564R01,dispo_reemploi,
MOB-000870,23,17,7540635,au_rebut,
MOB-000871,10,16,758B3,en_maintenance,
MOB-000872,12,15,7544B14,en_service,
MOB-000873,14,6,7554B01,au_rebut,
MOB-000874,12,8,NDVS1,au_rebut,
MOB-000875,6,15,7564B10,en_service,
MOB-000876,11,10,7574B06,en_service,
MOB-000877,5,3,7540252,au_rebut,
MOB-000878,2,2,7580301,au_rebut,
MOB-000879,7,11,7560A51,en_service,
MOB-000880,12,10,7540E12,dispo_reemploi,
MOB-000881,9,11,7574B10,en_service,
MOB-000882,18,10,7550352,en_service,
MOB-000883,12,5,7564R01,au_rebut,
MOB-000884,16,2,7580201,dispo_reemploi,
MOB-000885,14,1,B214P05,en_service,
MOB-000886,27,10,B210A53,au_rebut,
MOB-000887,7,8,7580451,au_rebut,
MOB-000888,4,12,7574B08,au_rebut,
MOB-000889,24,12,7564R05,en_maintenance,
MOB-000890,5,7,7570355,en_maintenance,
MOB-000891,10,8,7574R02,en_maintenance,
MOB-000892,10,14,7550E11,en_maintenance,
MOB-000893,15,6,7584R03,dispo_reemploi,
MOB-000894,10,4,7540E14,en_service,
MOB-000895,22,7,B210A53,au_rebut,
MOB-000896,6,4,7560351,au_rebut,
MOB-000897,13,9,756B140,en_maintenance,
MOB-000898,11,10,7570E11,au_rebut,
MOB-000899,12,8,7554B01,en_service,
MOB-000900,25,3,7540602,en_service,
MOB-000901,9,11,7550201,en_maintenance,
MOB-000902,13,10,7557E40,dispo_reemploi,
MOB-000903,19,13,7580280,en_service,
MOB-000904,8,12,7550203,en_maintenance,
MOB-000905,24,10,755B1,en_maintenance,
MOB-000906,24,4,7560E13,en_maintenance,
MOB-000907,22,5,7584B05,dispo_reemploi,
MOB-000908,13,5,7544B02,en_service,
MOB-000909,5,13,7584B01,en_maintenance,
MOB-000910,20,15,7544B07,au_rebut,
MOB-000911,17,15,7564R04,dispo_reemploi,
MOB-000912,17,15,7574B03,en_service,
MOB-000913,25,16,7580234,en_maintenance,
MOB-000914,1,16,7549E34,dispo_reemploi,
MOB-000915,18,7,B216A01,dispo_reemploi,
MOB-000916,25,7,7540C15,dispo_reemploi,
MOB-000917,27,1,7567E40,au_rebut,
MOB-000918,25,17,B210A53,dispo_reemploi,
MOB-000919,17,15,7584R04,en_service,
MOB-000920,11,13,7564121,en_service,
MOB-000921,16,2,7560352,au_rebut,
MOB-000922,17,17,7560204,dispo_reemploi,
MOB-000923,2,7,B216A03,en_service,
MOB-000924,17,1,B214P09,dispo_reemploi,
MOB-000925,19,8,7574R02,en_service,
MOB-000926,25,4,7584P61,en_maintenance,
MOB-000927,19,9,754C180,dispo_reemploi,
MOB-000928,10,12,7554121,au_rebut,
MOB-000929,4,6,7554121,dispo_reemploi,
MOB-000930,17,9,7584R01,en_service,
MOB-000931,7,17,7580401,au_rebut,
MOB-000932,14,14,7564R04,en_service,
MOB-000933,19,16,7584R02,dispo_reemploi,
MOB-000934,11,12,7564P61,dispo_reemploi,
MOB-000935,7,9,7550154,au_rebut,
MOB-000936,1,6,7554R01,au_rebut,
MOB-000937,14,17,7564K01,en_maintenance,
MOB-000938,7,15,7580200,au_rebut,
MOB-000939,7,3,7540E11,en_maintenance,
MOB-000940,17,7,7580250,au_rebut,
MOB-000941,24,7,7560103,au_rebut,
MOB-000942,19,14,7560A55,au_rebut,
MOB-000943,5,6,NDVS1,en_maintenance,
MOB-000944,24,11,7574B07,dispo_reemploi,
MOB-000945,13,11,7580E13,en_service,
MOB-000946,4,5,7554R02,au_rebut,
MOB-000947,22,11,7580280,dispo_reemploi,
MOB-000948,12,9,7584R03,en_maintenance,
MOB-000949,5,2,7584R03,au_rebut,
MOB-000950,20,16,7574B03,en_maintenance,
MOB-000951,15,5,7544B12,au_rebut,
MOB-000952,4,17,7544B15,en_maintenance,
MOB-000953,5,7,7544B12,dispo_reemploi,
MOB-000954,24,13,7574B12,en_maintenance,
MOB-000955,12,4,7570G10,au_rebut,
MOB-000956,6,1,7570E10,en_service,
MOB-000957,7,11,B210A54,dispo_reemploi,
MOB-000958,6,5,7549E32,en_maintenance,
MOB-000959,18,5,7560E11,au_rebut,
MOB-000960,20,17,7574B12,au_rebut,
MOB-000961,17,14,7550150,en_service,
MOB-000962,6,2,7560202,au_rebut,
MOB-000963,10,6,7550253,dispo_reemploi,
MOB-000964,4,10,7564B10,en_service,
MOB-000965,21,16,7570E14,en_service,
MOB-000966,6,15,7540251,en_maintenance,
MOB-000967,15,11,B214P03,en_service,
MOB-000968,27,4,7544121,en_service,
MOB-000969,5,15,7549E23,en_service,
MOB-000970,18,10,7574R01,au_rebut,
MOB-000971,20,17,7564B04,dispo_reemploi,
MOB-000972,2,6,7584K05,en_maintenance,
MOB-000973,14,15,7550402,au_rebut,
MOB-000974,24,15,7580401,en_maintenance,
MOB-000975,14,7,7549E35,en_service,
MOB-000976,2,14,7584R05,au_rebut,
MOB-000977,9,16,7580E13,en_maintenance,
MOB-000978,9,3,7560A53,au_rebut,
MOB-000979,6,3,7574B05,dispo_reemploi,
MOB-000980,13,10,B210A53,en_service,
MOB-000981,24,4,7560A57,au_rebut,
MOB-000982,26,3,7570450,en_service,
MOB-000983,7,3,7540C15,au_rebut,
MOB-000984,15,11,7584R01,en_maintenance,
MOB-000985,13,6,7580381,en_service,
MOB-000986,20,4,7560A57,dispo_reemploi,
MOB-000987,18,8,7550153,en_service,
MOB-000988,25,14,756B1,en_service,
MOB-000989,20,14,7580E10,en_maintenance,
MOB-000990,19,3,7560100,au_rebut,
MOB-000991,18,16,7550154,dispo_reemploi,
MOB-000992,16,12,7549E26,en_maintenance,
MOB-000993,11,4,7574121,au_rebut,
MOB-000994,14,16,7549E19,en_service,
MOB-000995,25,17,7549E28,en_maintenance,
MOB-000996,19,9,7549E18,en_maintenance,
MOB-000997,21,4,7540550,dispo_reemploi,
MOB-000998,14,4,7564B10,en_maintenance,
MOB-000999,1,1,7560352,en_service,
MOB-001000,22,9,7574B10,dispo_reemploi,
